{
  "started": 1773066414.7494302,
  "total_elapsed_seconds": 25104.824595689774,
  "jobs": {},
  "below_60_pct": []
}